"Rank","Name","Symbol","marketcap","price (USD)","country"
"1","JPMorgan Chase","JPM","404605599744","137.94","United States"
"2","Bank of America","BAC","276051820544","34.41","United States"
"3","ICBC","1398.HK","214973983579","0.53","China"
"4","Wells Fargo","WFC","163088973824","42.8","United States"
"5","China Construction Bank","601939.SS","161346126586","0.82","China"
"6","Charles Schwab","SCHW","157814194176","84.54","United States"
"7","Morgan Stanley","MS","147986022400","87.56","United States"
"8","Agricultural Bank of China","601288.SS","146208396502","0.42","China"
"9","CM Bank","3968.HK","142168923819","5.87","China"
"10","HSBC","HSBC","137022816256","34.31","United Kingdom"
"11","Royal Bank Of Canada","RY","135095091200","96.98","Canada"
"12","Bank of China","601988.SS","129290211423","0.47","China"
"13","HDFC Bank","HDB","125291208704","67.4","India"
"14","Goldman Sachs","GS","117872066560","348.08","United States"
"15","Toronto Dominion Bank","TD","117809094656","64.24","Canada"
"16","Commonwealth Bank","CBA.AX","117654700249","69.68","Australia"
"17","Citigroup","C","91632377856","47.31","United States"
"18","Mitsubishi UFJ Financial","MUFG","89732816896","6.94","Japan"
"19","Al Rajhi Bank","1120.SR","80617672656","20.15","Saudi Arabia"
"20","BNP Paribas","BNP.PA","76772676083","62.23","France"
"21","ICICI Bank","IBN","74440327168","21.27","India"
"22","U.S. Bancorp","USB","70865420288","46.31","United States"
"23","Bank of Montreal","BMO","67449073664","95.13","Canada"
"24","PNC Financial Services","PNC","66229018624","164.21","United States"
"25","DBS Group","D05.SI","65962545605","25.63","Singapore"
"26","Bank Central Asia","BBCA.JK","65571811249","0.53","Indonesia"
"27","State Bank of India","SBIN.NS","64938788610","7.28","India"
"28","UBS","UBS","63422840832","19.89","Switzerland"
"29","National Australia Bank","NAB.AX","63364084582","20.1","Australia"
"30","Postal Savings Bank of China","601658.SS","63121231777","0.69","China"
"31","Truist Financial","TFC","60845674496","45.86","United States"
"32","Scotiabank","BNS","60048470016","49.98","Canada"
"33","The Saudi National Bank","1180.SR","58727641014","13.23","Saudi Arabia"
"34","Housing Development Finance Corporation","HDFC.NS","57448941620","31.45","India"
"35","Sumitomo Mitsui Financial Group","SMFG","55323672576","8.13","Japan"
"36","Westpac Banking","WBC.AX","55250259595","15.8","Australia"
"37","Industrial Bank","601166.SS","54653318549","2.63","China"
"38","Santander","SAN","54504001536","3.2","Spain"
"39","First Abu Dhabi Bank","FAB.AE","50232828330","4.55","United Arab Emirates"
"40","Bank of Communications","601328.SS","48561423479","0.7","China"
"41","ING","ING","48212561920","13.06","Netherlands"
"42","ANZ Bank","ANZ.AX","47870566031","15.99","Australia"
"43","Bank Rakyat Indonesia","BYRA.F","47519521044","0.29","Indonesia"
"44","Itaú Unibanco","ITUB","46295019520","4.78","Brazil"
"45","Intesa Sanpaolo","ISP.MI","45098922182","2.35","Italy"
"46","Macquarie","MQG.AX","45014030032","116.47","Australia"
"47","Kotak Mahindra Bank","KOTAKBANK.NS","42990086896","21.65","India"
"48","Banco Santander Brasil","BSBR","42065993728","5.64","Brazil"
"49","OCBC Bank","O39.SI","41779038584","9.29","Singapore"
"50","CITIC Securities","600030.SS","41690983591","2.97","China"
"51","Ping An Bank","000001.SZ","41237537340","2.13","China"
"52","Nordea Bank","NDA-FI.HE","40751396387","11.2","Finland"
"53","Banco Bilbao Vizcaya Argentaria","BBVA","40023654400","6.6","Spain"
"54","Lloyds Banking Group","LYG","39363477504","2.34","United Kingdom"
"55","Bank of New York Mellon","BK","38757027840","47.95","United States"
"56","CIBC","CM","38435614720","42.07","Canada"
"57","UOB","U11.SI","38400604548","22.93","Singapore"
"58","Bank of China (Hong Kong)","2388.HK","37348721555","3.53","Hong Kong"
"59","Capital One","COF","37051523072","97.07","United States"
"60","Mizuho Financial Group","MFG","37001072640","2.92","Japan"
"61","Axis Bank","AXISBANK.BO","34845149813","11.39","India"
"62","Barclays","BCS","33560395776","8.46","United Kingdom"
"63","Crédit Agricole","ACA.PA","33479532297","11.07","France"
"64","NatWest Group","NWG","32981587968","6.82","United Kingdom"
"65","Hang Seng Bank","0011.HK","32202091343","16.84","Hong Kong"
"66","CITIC Bank","601998.SS","31752806400","0.73","China"
"67","Japan Post Bank","7182.T","31742795776","8.47","Japan"
"68","Shanghai Pudong Development Bank","600000.SS","31314703479","1.07","China"
"69","CaixaBank","CABK.MC","30694122923","4.09","Spain"
"70","Banco Bradesco","BBD","30483308544","2.86","Brazil"
"71","UniCredit","UCG.MI","29976512175","15.49","Italy"
"72","State Street Corporation","STT","29604718592","80.68","United States"
"73","Bank Mandiri","PPERF","28329019392","0.60705","Indonesia"
"74","Maybank","MLYBY","26631626752","4.3164","Malaysia"
"75","M&T Bank","MTB","25924745216","150.19","United States"
"76","Deutsche Bank","DB","25754406912","12.44","Germany"
"77","Riyad Bank","1010.SR","24520767250","8.17","Saudi Arabia"
"78","Standard Chartered","STAN.L","24065437133","8.31","United Kingdom"
"79","Fubon Financial","2881.TW","23617210989","1.91","Taiwan"
"80","Fifth Third Bank","FITB","23552075776","34.47","United States"
"81","National Bank of Canada","NA.TO","23305529554","69.21","Canada"
"82","First Republic Bank","FRC","23145498624","126.53","United States"
"83","China Everbright Bank","601818.SS","22450916614","0.45","China"
"84","The Saudi British Bank","1060.SR","21472446841","10.45","Saudi Arabia"
"85","Société Générale","GLE.PA","21345999107","26.86","France"
"86","Huntington Bancshares","HBAN","21063858176","14.6","United States"
"87","FirstRand","FSRA.F","20652753910","3.64","South Africa"
"88","Citizens Financial Group","CFG","20507324416","41.64","United States"
"89","Swedbank","SWED-A.ST","19257432177","17.15","Sweden"
"90","ORIX","IX","19169931264","80.79","Japan"
"91","Banco do Brasil","BZLA.F","19078346903","6.69","Brazil"
"92","Danske Bank","DANS.VI","17496371480","20.57","Denmark"
"93","Cathay Financial Holding","2882.TW","17480573263","1.33","Taiwan"
"94","KB Financial Group","KB","17432119296","45.14","South Korea"
"95","Alinma Bank","1150.SR","17358891621","8.68","Saudi Arabia"
"96","KeyCorp (KeyBank)","KEY","17138659328","18.37","United States"
"97","Abu Dhabi Commercial Bank (ADCB)","ADCB.AE","16991857113","2.44","United Arab Emirates"
"98","Nu Holdings","NU","16680592384","3.56","Brazil"
"99","Guotai Junan Securities","601211.SS","16518583367","1.98","China"
"100","Bank of Jiangsu","600919.SS","16250963349","1.1","China"
"101","Bank of Nanjing","601009.SS","16177066270","1.56","China"
"102","Standard Bank Group","SBK.JO","15999899900","9.71","South Africa"
"103","SVB Financial Group","SIVB","14527196160","245.79","United States"
"104","CTBC Financial Holding","2891.TW","14415552226","0.74","Taiwan"
"105","MFHC","2886.TW","14051944065","1.01","Taiwan"
"106","Erste Group Bank","EBO.F","13969232697","34.08","Austria"
"107","Shinkin Central Bank","8421.T","13908886148","2073.41","Japan"
"108","Bank of Beijing","601169.SS","13152913265","0.62","China"
"109","Credit Suisse","CS","12993916928","3.28","Switzerland"
"110","Resona Holdings","8308.T","12879593391","5.39","Japan"
"111","Banque Saudi Fransi","1050.SR","12871000605","10.73","Saudi Arabia"
"112","Arab National Bank","1080.SR","12779552716","8.52","Saudi Arabia"
"113","Capitec Bank","CPI.JO","12657517100","109.02","South Africa"
"114","Julius Bär","BAER.SW","12583776535","60.32","Switzerland"
"115","Commerzbank","CBK.F","12526636850","10","Germany"
"116","Bank Leumi","LUMI.TA","12488973539","8.48","Israel"
"117","BDO Unibank","BDOUY","12418082816","23.59","Philippines"
"118","Bank of Shanghai","601229.SS","12306966623","0.87","China"
"119","Bank Hapoalim","POLI.TA","12208490023","9.14","Israel"
"120","Hua Xia Bank","600015.SS","12144364949","0.76","China"
"121","Taiwan Cooperative Financial","5880.TW","11999936981","0.86","Taiwan"
"122","Bank Albilad","1140.SR","11714590535","11.71","Saudi Arabia"
"123","Credicorp","BAP","11611817984","146","Bermuda"
"124","Bank of Baroda","BANKBARODA.NS","11501852639","2.22","India"
"125","First Financial Holding","2892.TW","11413220815","0.86","Taiwan"
"126","CIMB Group","1023.KL","11286804025","1.29","Malaysia"
"127","SCB (Siam Commercial Bank)","SCB.BK","11190688346","3.32","Thailand"
"128","E.SUN Bank","2884.TW","11158517724","0.78","Taiwan"
"129","IndusInd Bank","INDUSINDBK.NS","11102182899","14.32","India"
"130","Bank Negara Indonesia","BBNI.JK","10738291292","0.57","Indonesia"
"131","Kasikornbank","KBANK.BK","10661984376","4.5","Thailand"
"132","Banco de Chile","BCH","10437527552","19.85","Chile"
"133","Suncorp","SUN.AX","10235984056","8.1","Australia"
"134","KakaoBank","323410.KS","10175869236","21.35","South Korea"
"135","Hua Nan Financial Holdings","2880.TW","10131047771","0.74","Taiwan"
"136","(HLBank) Hong Leong Bank","5819.KL","9726456878","4.66","Malaysia"
"137","East West Bancorp","EWBC","9633727488","68.35","United States"
"138","PKO Bank Polski","P9O.F","9238787180","7.39","Poland"
"139","Abu Dhabi Islamic Bank (ADIB)","ADIB.AE","8998910913","2.48","United Arab Emirates"
"140","Yuanta Financial Holding","2885.TW","8937537127","0.71","Taiwan"
"141","Bangkok Bank","BBL.BK","8814349131","4.62","Thailand"
"142","China Zheshang Bank","2016.HK","8764679841","0.36","China"
"143","Commerce Bancshares","CBSH","8709739520","69.5","United States"
"144","Jefferies Financial Group","JEF","8575675904","37.45","United States"
"145","QNB Finansbank","QNBFB.IS","8482012404","2.53","Turkey"
"146","Mizrahi-Tefahot","MZTF.TA","8342098476","32.44","Israel"
"147","Webster Financial","WBS","8328070656","47.86","United States"
"148","Mediobanca","MB.MI","8206345487","9.75","Italy"
"149","Banco Santander México","BSMX","8151122944","6.01","Mexico"
"150","OTP Bank","OTP.F","8087138109","28.17","Hungary"
"151","Banque Cantonale Vaudoise","BCVN.SW","7959880903","92.7","Switzerland"
"152","Ally","ALLY","7785727488","26.07","United States"
"153","Banco Santander-Chile","BSAC","7783214592","15.94","Chile"
"154","IDBI Bank","IDBI.NS","7685124398","0.71","India"
"155","Punjab National Bank","PNB.NS","7523143738","0.68","India"
"156","Sinopac Financial Holdings","2890.TW","7388705576","0.55","Taiwan"
"157","Yes Bank","YESBANK.NS","7349598135","0.26","India"
"158","Shanghai Commercial and Savings Bank","5876.TW","7131469350","1.47","Taiwan"
"159","Indian Overseas Bank","IOB.NS","7087141323","0.37","India"
"160","China Development Financial","2883.TW","7050989611","0.42","Taiwan"
"161","Canara Bank","CANBK.NS","7042424125","3.88","India"
"162","BOK Financial","BOKF","6916442112","102.84","United States"
"163","Bancolombia","CIB","6848215040","28.48","Colombia"
"164","Western Alliance Bancorporation","WAL","6756900352","62.04","United States"
"165","Union Bank of India","UNIONBANK.NS","6690020841","0.98","India"
"166","Türkiye Is Bankasi","ISCTR.IS","6650042716","0.64","Turkey"
"167","Santander Polska","BZI.F","6630938522","64.33","Poland"
"168","Bankinter","BKT.MC","6425879234","7.15","Spain"
"169","Industrial Bank of Korea (IBK)","024110.KS","6384264580","8.01","South Korea"
"170","Banca Mediolanum","BMED.MI","6347460434","8.56","Italy"
"171","Daiwa Securities Group","8601.T","6342767710","4.37","Japan"
"172","GarantiBank","GARAN.IS","6317812470","1.5","Turkey"
"173","South State Corp","SSB","6058675712","80.04","United States"
"174","Chang Hwa Commercial Bank","2801.TW","6003547004","0.57","Taiwan"
"175","Taishin Financial Holdings","2887.TW","5986465551","0.5","Taiwan"
"176","Nedbank","NED.JO","5940899400","12.17","South Africa"
"177","Raiffeisen Bank International","RAW.F","5908156563","17.78","Austria"
"178","Banco BPM","BAMI.MI","5784543980","3.83","Italy"
"179","Banco Sabadell","BDSB.F","5705127917","1.02","Spain"
"180","Bank Pekao (Bank Polska Kasa Opieki)","PEO.WA","5574939478","21.24","Poland"
"181","Komerční banka","KONN.F","5567453931","29.48","Czech Republic"
"182","Commercial International Bank","CIN.F","5565513312","1.21","Egypt"
"183","Glacier Bancorp","GBCI","5475212800","49.43","United States"
"184","United Bankshares","UBSI","5436184064","40.37","United States"
"185","Chongqing Rural Commercial Bank","3618.HK","5429486507","0.35","China"
"186","AU Small Finance Bank","AUBANK.NS","5052856905","7.58","India"
"187","Banco de Crédito e Inversiones","BCI.SN","4952013453","29.1","Chile"
"188","Discovery Limited","DSY.JO","4947674700","7.53","South Africa"
"189","Yapı Kredi","YKBNK.IS","4840319029","0.57","Turkey"
"190","F.N.B. Corporation","FNB","4825916928","13.39","United States"
"191","Saudi Investment Bank","1030.SR","4792331996","4.79","Saudi Arabia"
"192","Bandhan Bank","BANDHANBNK.NS","4742953022","2.94","India"
"193","Bank of India","BANKINDIA.NS","4645522720","1.13","India"
"194","BAWAG Group","0B2.F","4607943938","55.85","Austria"
"195","Cadence Bancorp","CADE","4541055488","24.89","United States"
"196","IDFC FIRST Bank","IDFCFIRSTB.NS","4495361057","0.72","India"
"197","Shin Kong Financial Holding","2888.TW","4479363227","0.29","Taiwan"
"198","Jyske Bank","JYSK.CO","4457200929","69.37","Denmark"
"199","Indian Bank","INDIANB.NS","4427416716","3.55","India"
"200","Metropolitan Bank (Metrobank)","MTPOF","4376207872","0.94","Philippines"
"201","Bank AlJazira","1020.SR","4196059468","5.12","Saudi Arabia"
"202","Bank Mega","MEGA.JK","4195657391","0.35","Indonesia"
"203","VakıfBank","VAKBN.IS","4162127981","0.59","Turkey"
"204","TMBThanachart Bank (ttb)","TTB.BK","4127216339","0.04","Thailand"
"205","First International Bank of Israel","FIBI.TA","4106248376","40.93","Israel"
"206","First Interstate BancSystem","FIBK","4104806400","39.3","United States"
"207","UMB Financial","UMBF","4082389248","84.5","United States"
"208","Chiba Bank","CHBAY","4035131136","27.3","Japan"
"209","Banco del Bajío","BBAJIOO.MX","3968074759","3.33","Mexico"
"210","United Community Bank","UCBI","3906844672","33.99","United States"
"211","Oberbank","OBS.VI","3808147972","107.92","Austria"
"212","Luzerner Kantonalbank","LUKN.SW","3797169662","444.26","Switzerland"
"213","PBBank (Public Bank Bhd)","1295.KL","3786638041","0.98","Malaysia"
"214","Umpqua Holdings","UMPQ","3768040192","17.36","United States"
"215","Bendigo and Adelaide Bank","BEN.AX","3755774100","6.62","Australia"
"216","ServisFirst Bancshares","SFBS","3733172736","68.72","United States"
"217","Independent Bank","INDB","3723034368","81.57","United States"
"218","CVB Financial","CVBF","3517569280","25.16","United States"
"219","Federal Bank","FEDERALBNK.NS","3447083133","1.63","India"
"220","Taiwan Business Bank","2834.TW","3386785775","0.42","Taiwan"
"221","Bank of East Asia","0023.HK","3371232745","1.26","Hong Kong"
"222","Unicaja Banco","UNI.MC","3368239276","1.27","Spain"
"223","Halkbank","HALKB.IS","3231467195","0.65","Turkey"
"224","Virgin Money UK","VMUK.L","3213587190","2.34","United Kingdom"
"225","mBank","MBK.WA","3208299288","75.63","Poland"
"226","Eastern Bankshares","EBC","3204700672","17.93","United States"
"227","St. Galler Kantonalbank","SGKN.SW","3097120468","517.95","Switzerland"
"228","Texas Capital Bancshares","TCBI","3070796800","61.54","United States"
"229","EFG International","EFGN.SW","2888209727","9.33","Switzerland"
"230","Fulton Financial","FULT","2865822464","17.11","United States"
"231","WSFS Financial","WSFS","2829913600","45.95","United States"
"232","BancFirst","BANF","2798602752","85.14","United States"
"233","Bank Jago","ARTO.JK","2740488454","0.2","Indonesia"
"234","Atlantic Union Bankshares","AUB","2729958400","36.54","United States"
"235","Punjab &amp; Sind Bank","PSB.NS","2619221503","0.39","India"
"236","First Merchants Corporation","FRME","2541536000","42.67","United States"
"237","Cembra Money Bank","CMBN.SW","2539033196","84.63","Switzerland"
"238","Bank of Maharashtra","MAHABANK.NS","2503105645","0.37","India"
"239","Piper Sandler","PIPR","2464342272","138.19","United States"
"240","Independent Bank Group","IBTX","2422336512","58.8","United States"
"241","First Financial Bank","FFBC","2417461504","25.49","United States"
"242","Permata Bank","BNLI.JK","2341906734","0.06","Indonesia"
"243","Axos Financial","AX","2338172672","38.97","United States"
"244","Columbia Bank","COLB","2321632768","29.52","United States"
"245","Park National Corp","PRK","2319840000","142.64","United States"
"246","TowneBank","TOWN","2242722048","30.79","United States"
"247","WesBanco","WSBC","2240230144","37.87","United States"
"248","Berner Kantonalbank","BEKN.SW","2209607142","239.22","Switzerland"
"249","Banner Bank","BANR","2176219136","63.65","United States"
"250","Itaú CorpBanca","ITCB","2149560832","3.29","Chile"
"251","Trustmark","TRMK","2137653248","35.07","United States"
"252","Aareal Bank","ARL.F","2074646182","34.66","Germany"
"253","Renasant Corp","RNST","2067467136","36.95","United States"
"254","Close Brothers Group","CBG.L","2013520854","13.39","United Kingdom"
"255","Heartland Financial USA","HTLF","1988114432","46.84","United States"
"256","Seacoast Banking","SBCF","1961093888","31.9","United States"
"257","Lakeland Financial Corp","LKFN","1866781312","73.64","United States"
"258","Enterprise Financial Services Corp","EFSC","1855209216","49.84","United States"
"259","Stock Yards Bancorp","SYBT","1842089984","62.96","United States"
"260","NBT Bancorp","NBTB","1834404480","42.82","United States"
"261","Northwest Bank","NWBI","1801959680","14.19","United States"
"262","Canadian Western Bank","CWB.TO","1788913293","18.97","Canada"
"263","FB Financial","FBK","1740633728","37.09","United States"
"264","MONETA Money Bank","MM0.F","1715434626","3.34","Czech Republic"
"265","Bank Danamon","BDMN.JK","1690574921","0.17","Indonesia"
"266","First Bancorp","FBNC","1677741056","41.46","United States"
"267","TriCo Bancshares","TCBK","1660694400","49.83","United States"
"268","The Bancorp","TBBK","1657055360","29.6","United States"
"269","National Bank Holdings","NBHC","1649213312","43.25","United States"
"270","Provident Financial Services","PFS","1641741312","21.81","United States"
"271","EQB (Equitable Bank)","EQB.TO","1609501932","42.9","Canada"
"272","City Union Bank","CUB.NS","1572612188","2.12","India"
"273","Hope Bancorp","HOPE","1572383104","13.16","United States"
"274","Sandy Spring Bank","SASR","1571925760","35.21","United States"
"275","Stellar Bancorp","STEL","1521340160","29.09","United States"
"276","Bank of N. T. Butterfield & Son","NTB","1509016448","30.4","Bermuda"
"277","Veritex Holdings","VBTX","1508362496","27.93","United States"
"278","First National of Nebraska","FINN","1506352128","13305","United States"
"279","Triumph Bancorp","TBK","1488671360","58.74","United States"
"280","Guaranty Trust Bank","9JO.F","1459777600","2.48","Nigeria"
"281","Eagle Bancorp","EGBN","1443044352","45.21","United States"
"282","Bank Islam Malaysia","BIMB.KL","1389975849","0.78","Malaysia"
"283","Live Oak Bank","LOB","1386748416","31.35","United States"
"284","Berkshire Hills Bancorp","BHLB","1386322816","30.79","United States"
"285","City Holding Company","CHCO","1370883968","92.28","United States"
"286","First Busey","BUSE","1368658944","24.78","United States"
"287","S&amp;T Bancorp","STBA","1349521024","34.6","United States"
"288","OFG Bancorp","OFG","1344614528","28.27","United States"
"289","Bank für Tirol und Vorarlberg","BTS.VI","1343722384","39.38","Austria"
"290","SpareBank 1","SPOL.OL","1339968514","11.57","Norway"
"291","RBL Bank","RBLBANK.NS","1337120363","2.23","India"
"292","First Commonwealth Financial Corp","FCF","1327811072","14.22","United States"
"293","1st Source","SRCE","1327050496","53.82","United States"
"294","Meta Financial Group","CASH","1296947456","45.56","United States"
"295","OceanFirst Financial","OCFC","1292241792","21.85","United States"
"296","Dime Community Bancshares","DCOM","1255188224","32.54","United States"
"297","Capitol Federal Savings Bank","CFFN","1217412480","8.88","United States"
"298","Lakeland Bancorp","LBAI","1165924736","17.99","United States"
"299","Nicolet Bankshares","NIC","1164465152","79.34","United States"
"300","Banco de Brasília","BSLI3.SA","1160301971","3.35","Brazil"
"301","Southside Bancshares","SBSI","1157706368","36.06","United States"
"302","ACLEDA Bank","ABC.KH","1143010467","2.64","Cambodia"
"303","Origin Bancorp","OBNK","1122062336","36.58","United States"
"304","Tompkins Financial","TMP","1120032256","77.33","United States"
"305","Deutsche Pfandbriefbank","PBB.DE","1107174732","8.23","Germany"
"306","German American Bancorp","GABC","1106575744","37.53","United States"
"307","Laurentian Bank of Canada","LB.TO","1085796166","25.06","Canada"
"308","Cowen","COWN","1084153472","38.7","United States"
"309","Dah Sing Banking Group","2356.HK","1077733820","0.77","Hong Kong"
"310","Brookline Bancorp","BRKL","1071976576","13.95","United States"
"311","Karur Vysya Bank","KARURVYSYA.NS","1067129706","1.33","India"
"312","Merchants Bancorp","MBIN","1060065088","24.59","United States"
"313","Heritage Financial","HFWA","1050506880","29.72","United States"
"314","Preferred Bank","PFBC","1049231488","73.08","United States"
"315","Banc of California","BANC","1015485568","16.88","United States"
"316","ConnectOne Bancorp","CNOB","987356416","25.16","United States"
"317","Premier Financial","PFC","985189312","27.7","United States"
"318","Van Lanschot Kempen","VLK.AS","968252550","24.06","Netherlands"
"319","Amerant Bancorp","AMTB","919674176","27.23","United States"
"320","Customers Bancorp","CUBI","899701120","27.67","United States"
"321","QCR Holdings","QCRH","842531584","49.9","United States"
"322","First Foundation","FFWM","841304512","14.92","United States"
"323","Community Trust Bancorp","CTBI","840905856","46.93","United States"
"324","Allegiance Bancshares","ABTX","830943168","41.63","United States"
"325","Washington Trust Bancorp","WASH","830181056","48.32","United States"
"326","Inter &amp; Co","INTR","826389568","2.06","Brazil"
"327","Republic Bank","RBCAA","820479552","41.55","United States"
"328","Bank First","BFC","816943040","90.48","United States"
"329","Peoples Bancorp","PEBO","808564928","28.6","United States"
"330","Dah Sing Financial","0440.HK","807414518","2.53","Hong Kong"
"331","Aktia Bank","AKTIA.HE","797692685","11.05","Finland"
"332","Heritage Commerce","HTBK","793597312","13.07","United States"
"333","Old Second Bancorp","OSBC","758649472","17.02","United States"
"334","Northfield Bancorp","NFBK","753820032","15.78","United States"
"335","Hanmi Financial","HAFC","751482368","24.65","United States"
"336","Amalgamated Financial","AMAL","740122560","24.13","United States"
"337","The First Bancshares","FBMS","724681472","30.16","United States"
"338","TrustCo Bank","TRST","722825280","37.94","United States"
"339","Banco Latinoamericano de Comercio Exterior","BLX","720568384","16.1","Panama"
"340","HarborOne Bancorp","HONE","694049728","14.11","United States"
"341","Kearny Financial","KRNY","687164544","10.17","United States"
"342","Horizon Bancorp","HBNC","686702464","15.63","United States"
"343","First Mid-Illinois Bancshares","FMBH","661987712","32.35","United States"
"344","Metropolitan Bank Holding","MCB","652426368","58.23","United States"
"345","Peapack-Gladstone Financial","PGC","648553728","36.19","United States"
"346","Camden National Bank","CAC","616407744","42.32","United States"
"347","Hingham Institution for Savings","HIFS","612275712","285.39","United States"
"348","Flushing Financial Corp","FFIC","590745024","19.82","United States"
"349","HBT Financial","HBT","580802560","20.2","United States"
"350","Central Pacific Financial","CPF","579939584","20.94","United States"
"351","Karnataka Bank","KTKBANK.NS","566838627","1.82","India"
"352","Luther Burbank","LBC","562842112","11.02","United States"
"353","Arrow Financial","AROW","555364288","33.6","United States"
"354","Capital City Bank Group","CCBG","547357312","32.27","United States"
"355","Mercantile Bank","MBWM","542941376","34.22","United States"
"356","MetroCity Bankshares","MCBS","538824384","21.29","United States"
"357","Bank of Marin Bancorp","BMRC","524455808","32.72","United States"
"358","HomeStreet Bank","HMST","521986080","27.88","United States"
"359","Equity BancShares","EQBK","518944544","32.56","United States"
"360","CSB Bank","CSBBANK.NS","512484405","2.95","India"
"361","MidWestOne Financial Group","MOFG","503232928","32.21","United States"
"362","CNB Financial Corp","CCNE","500551136","23.7","United States"
"363","Oppenheimer Holdings","OPY","497147744","45.33","United States"
"364","South Indian Bank","SOUTHBANK.NS","488022083","0.23","India"
"365","Bridgewater Bancshares","BWB","486705216","17.64","United States"
"366","Bar Harbor Bankshares","BHB","481044608","31.93","United States"
"367","Five Star Bancorp","FSBC","470804864","27.3","United States"
"368","Greene County Bancorp","GCBC","462959232","54.38","United States"
"369","Alerus Financial","ALRS","459308160","22.98","United States"
"370","Enterprise Bancorp","EBTC","439498624","36.25","United States"
"371","Southern Missouri Bancorp","SMBC","430078368","46.6","United States"
"372","Guaranty Bancshares","GNTY","419676960","35.15","United States"
"373","RBB Bancorp","RBB","397333536","20.95","United States"
"374","CapStar Financial","CSTR","396438720","18.09","United States"
"375","Grupo Supervielle","SUPV","392261056","2.37","Argentina"
"376","Professional Holding","PFHD","391223808","28.32","United States"
"377","Bank Mayapada Internasional","MAYA.JK","390520775","0.03","Indonesia"
"378","Silvergate Capital","SI","387501248","12.24","United States"
"379","American National Bank &amp; Trust Company","AMNB","383792608","36.17","United States"
"380","Macatawa Bank","MCBC","380133952","11.1","United States"
"381","Financial Institutions","FISI","376627584","24.56","United States"
"382","HomeTrust Bancshares","HTBI","374915712","23.99","United States"
"383","Farmers &amp; Merchants Bancorp","FMAO","373095712","27.42","United States"
"384","Penseco Financial Services","PFIS","362735744","50.66","United States"
"385","Citizens &amp; Northern Corp","CZNC","360384288","23.25","United States"
"386","Southern First Bancshares","SFST","356521440","44.58","United States"
"387","Red River Bancshares","RRBI","354167264","49.3","United States"
"388","Civista Bancshares","CIVB","350091936","22.26","United States"
"389","Shore Bancshares","SHBI","348034816","17.52","United States"
"390","Home Bancorp","HBCP","332755904","40.18","United States"
"391","ACNB Corporation","ACNB","328502976","38.6","United States"
"392","First Bancorp","FNLC","327947424","29.7","United States"
"393","Sierra Bancorp","BSRR","321859040","21.33","United States"
"394","Northeast Bank","NBN","310850304","41.74","United States"
"395","Northrim BanCorp","NRIM","309824320","54.5","United States"
"396","BCB Bancorp","BCBP","307594208","18.21","United States"
"397","Sterling Bancorp","SBT","305308000","6.01","United States"
"398","PCSB Financial","PCSB","291965088","19.04","United States"
"399","MVB Financial","MVBF","287518656","22.79","United States"
"400","Timberland Bancorp","TSBK","280739872","34.07","United States"
"401","Unity Bancorp","UNTY","280504992","26.6","United States"
"402","Addiko Bank","ZYE1.F","259712579","13.16","Austria"
"403","First Western Financial","MYFW","259701392","27.36","United States"
"404","First Guaranty Bancshares","FGBI","258060544","24.08","United States"
"405","Third Coast Bancshares","TCBX","252636848","18.67","United States"
"406","Parke Bancorp","PKBK","248466992","20.84","United States"
"407","Orrstown Financial Services","ORRF","247506768","23.18","United States"
"408","BayCom (United Business Bank)","BCML","246588944","18.99","United States"
"409","Central Valley Community Bancorp","CVCY","246372000","21","United States"
"410","Southern States Bancshares","SSBK","244664448","28.1","United States"
"411","Bank7","BSVN","242114048","26.56","United States"
"412","Ponce Financial Group","PDLB","241597456","9.77","United States"
"413","Territorial Bancorp","TBNK","227841744","25","United States"
"414","Codorus Valley Bancorp","CVLY","226444032","23.7","United States"
"415","Absa Bank","ABSP.JO","221812300","49.48","South Africa"
"416","Bankwell Financial Group","BWFG","220746736","28.63","United States"
"417","Middlefield Banc","MBCN","219231488","27.6","United States"
"418","Greenhill","GHL","218687536","12.14","United States"
"419","ESSA Bancorp","ESSA","215531504","20.72","United States"
"420","Plumas Bancorp","PLBC","215171088","36.78","United States"
"421","Investar Holding","ISTR","215126640","21.75","United States"
"422","Ames National Corp.","ATLO","214463264","23.85","United States"
"423","Western New England Bancorp","WNEB","211780800","9.55","United States"
"424","Evans Bancorp","EVBN","211294560","38.32","United States"
"425","VersaBank","VBNK","205931536","7.55","Canada"
"426","C&amp;F Financial Corporation","CFFI","205179024","58.99","United States"
"427","MainStreet Bancshares","MNSB","199857904","26.88","United States"
"428","Penns Woods Bancorp","PWOD","193057632","27.36","United States"
"429","Limestone Bancorp","LMST","191583104","25.08","United States"
"430","Virginia National Bankshares","VABK","191568624","35.96","United States"
"431","Peoples Bancorp of North Carolina","PEBK","183003952","32.46","United States"
"432","William Penn Bancorp","WMPN","172722224","12.04","United States"
"433","Riverview Bancorp","RVSB","162378608","7.55","United States"
"434","Richmond Mutual Bancorporation","RMBI","154163264","13.07","United States"
"435","Hawthorn Bancshares","HWBK","152631472","22.55","United States"
"436","ECB Bancorp","ECBK","149740080","16.32","United States"
"437","Republic First Bancorp","FRBK","145438000","2.28","United States"
"438","Hanover Bancorp","HNVR","144048768","20.1495","United States"
"439","BankFinancial","BFIN","134649328","10.42","United States"
"440","Malvern Bancorp","MLVF","134508096","17.62","United States"
"441","Malvern Bancorp","MLVF","134508096","17.62","United States"
"442","Provident Bancorp","PVBC","131471272","7.42","United States"
"443","Old Point Financial","OPOF","126167432","25.25","United States"
"444","Ohio Valley Banc Corp","OVBC","125736144","26.35","United States"
"445","FinWise Bancorp","FINW","115011080","8.95","United States"
"446","Union Bankshares","UNB","106879368","23.76","United States"
"447","Provident Financial Holdings","PROV","101845336","14.14","United States"
"448","Carver Bancorp","CARV","18739946","4.434","United States"
"449","Sberbank","SBER.ME","0","1.95","Russia"
